company,role,location,work_model,experience_requirement,experience_evidence,compensation,benefits,first_seen,source_url,score,why_it_fits,primary_concern
Meridian Labs,"Technical Product Manager, Developer Tools","Toronto, Ontario",Hybrid,4+ years,Candidates should bring 4+ years of product management experience and strong familiarity with platform analytics,"CAD $155,000–$195,000 per year","Equity, Health, Retirement, Parental leave",2026-01-15,https://example.com/jobs/meridian-devtools,84,"Role match: product manager, technical product manager; Skill match: developer tools, analytics, platform",Listed compensation uses a different currency; no conversion was assumed
Northstar AI,"Senior Product Manager, AI Agents",Remote — Canada or United States,Remote,5+ years,"Requirements: 5+ years of product management experience, including 2+ years building AI or machine learning products","USD $175,000–$220,000 per year","Equity, Health, Parental leave, Learning budget, Flexible PTO",2026-01-15,https://example.com/partner/northstar-pm-agents,82,"Role match: product manager; Skill match: ai, machine learning, platform",No obvious blocker
Lattice Forge,"Product Manager, AI Platform",Remote — Canada,Remote,4+ years,Candidates need 4+ years of product management experience,"CAD $150,000–$185,000 per year","Equity, Health, Retirement, Flexible PTO",2026-01-15,https://example.com/partner/lattice-platform,77,"Role match: product manager; Skill match: ai, machine learning, platform",Listed compensation uses a different currency; no conversion was assumed
Atlas Systems,"Product Manager, AI Growth","San Francisco, CA",Hybrid,3+ years,3+ years of product management experience required,"USD $150,000–$185,000 per year","Equity, Health, Parental leave, Flexible PTO",2026-01-15,https://example.com/jobs/atlas-growth,76,"Role match: product manager; Skill match: ai, analytics",No obvious blocker
Harbor Intelligence,"Product Manager, Trust & Safety AI",San Francisco or Remote US,Remote or hybrid,5+ years,Candidates need 5+ years of product management experience,"USD $180,000–$225,000 per year","Equity, Health, Retirement, Parental leave, Flexible PTO",2026-01-15,https://example.com/jobs/harbor-trust,74,Role match: product manager; Skill match: ai,No obvious blocker
Kinetic Cloud,"Product Lead, Model Evaluation Platform","New York, NY",In person,7+ years,Requirements include 7+ years of product experience and 3+ years leading machine learning platforms,"USD $190,000–$245,000 per year","Equity, Health, Retirement, Learning budget",2026-01-15,https://example.com/jobs/kinetic-evals,71,"Role match: product lead; Skill match: ai, machine learning, platform",Requests 7+ years; profile target is 6
Northstar AI,"Product Manager, AI Observability",Remote,Remote,4+ years,4 years of product management experience required,Not stated,"Equity, Health, Learning budget, Flexible PTO",2026-01-15,https://example.com/jobs/northstar-observability,71,"Role match: product manager; Skill match: ai, analytics",Compensation is not stated
Signal Works,"Senior Product Manager, Data Platform","Austin, TX",In person,6+ years,Requires 6+ years in product management,"USD $160,000–$205,000 per year","Equity, Health, Retirement, Parental leave",2026-01-15,https://example.com/jobs/signal-data-pm,71,"Role match: product manager; Skill match: ai, analytics, platform",Location preference is not explicit
Meridian Labs,"Product Manager, Enterprise AI",Remote — North America,Remote,5+ years,5+ years of product experience and 2+ years with enterprise software required,"CAD $145,000–$180,000 per year","Equity, Health, Retirement, Flexible PTO",2026-01-15,https://example.com/jobs/meridian-enterprise-ai,65,Role match: product manager; Skill match: ai,Listed compensation uses a different currency; no conversion was assumed
